"tau","Beta","EIS"
0.1,9.2539743955974,1.15580391890285
0.2,7.63878705706669,1.11170393874888
0.3,6.83411346941934,1.07251251860614
0.4,5.96831304549595,1.03829849194142
0.5,4.98041515831397,1.00078602553424
0.6,4.35656443511207,0.951570314077812
0.7,3.83929088138284,0.88468333285675
0.8,3.29007628559263,0.784111150997156
0.9,2.87603489270084,0.629977041092885
